"GEOGRAPHY_CODE","C2021_HIQUAL_8_NAME","OBS_VALUE"
"E02000345","Total: All usual residents aged 16 years and over",5365
"E02000345","No qualifications",1813
"E02000345","Level 1 and entry level qualifications",460
"E02000345","Level 2 qualifications",683
"E02000345","Apprenticeship",151
"E02000345","Level 3 qualifications",551
"E02000345","Level 4 qualifications or above",1447
"E02000345","Other qualifications",260
"E02000346","Total: All usual residents aged 16 years and over",7516
"E02000346","No qualifications",1379
"E02000346","Level 1 and entry level qualifications",484
"E02000346","Level 2 qualifications",603
"E02000346","Apprenticeship",198
"E02000346","Level 3 qualifications",885
"E02000346","Level 4 qualifications or above",3791
"E02000346","Other qualifications",176
"E02000347","Total: All usual residents aged 16 years and over",5504
"E02000347","No qualifications",1531
"E02000347","Level 1 and entry level qualifications",507
"E02000347","Level 2 qualifications",659
"E02000347","Apprenticeship",142
"E02000347","Level 3 qualifications",578
"E02000347","Level 4 qualifications or above",1901
"E02000347","Other qualifications",186
"E02000348","Total: All usual residents aged 16 years and over",5399
"E02000348","No qualifications",1679
"E02000348","Level 1 and entry level qualifications",523
"E02000348","Level 2 qualifications",655
"E02000348","Apprenticeship",156
"E02000348","Level 3 qualifications",586
"E02000348","Level 4 qualifications or above",1586
"E02000348","Other qualifications",214
"E02000350","Total: All usual residents aged 16 years and over",8131
"E02000350","No qualifications",1347
"E02000350","Level 1 and entry level qualifications",483
"E02000350","Level 2 qualifications",605
"E02000350","Apprenticeship",200
"E02000350","Level 3 qualifications",898
"E02000350","Level 4 qualifications or above",4370
"E02000350","Other qualifications",228
"E02000351","Total: All usual residents aged 16 years and over",7940
"E02000351","No qualifications",924
"E02000351","Level 1 and entry level qualifications",377
"E02000351","Level 2 qualifications",485
"E02000351","Apprenticeship",153
"E02000351","Level 3 qualifications",821
"E02000351","Level 4 qualifications or above",5044
"E02000351","Other qualifications",136
"E02000352","Total: All usual residents aged 16 years and over",5263
"E02000352","No qualifications",780
"E02000352","Level 1 and entry level qualifications",291
"E02000352","Level 2 qualifications",491
"E02000352","Apprenticeship",196
"E02000352","Level 3 qualifications",587
"E02000352","Level 4 qualifications or above",2807
"E02000352","Other qualifications",111
"E02000353","Total: All usual residents aged 16 years and over",6479
"E02000353","No qualifications",717
"E02000353","Level 1 and entry level qualifications",273
"E02000353","Level 2 qualifications",469
"E02000353","Apprenticeship",123
"E02000353","Level 3 qualifications",711
"E02000353","Level 4 qualifications or above",4082
"E02000353","Other qualifications",104
"E02000354","Total: All usual residents aged 16 years and over",8005
"E02000354","No qualifications",1326
"E02000354","Level 1 and entry level qualifications",557
"E02000354","Level 2 qualifications",681
"E02000354","Apprenticeship",215
"E02000354","Level 3 qualifications",935
"E02000354","Level 4 qualifications or above",4074
"E02000354","Other qualifications",217
"E02000355","Total: All usual residents aged 16 years and over",6789
"E02000355","No qualifications",948
"E02000355","Level 1 and entry level qualifications",376
"E02000355","Level 2 qualifications",542
"E02000355","Apprenticeship",124
"E02000355","Level 3 qualifications",799
"E02000355","Level 4 qualifications or above",3857
"E02000355","Other qualifications",143
"E02000356","Total: All usual residents aged 16 years and over",5907
"E02000356","No qualifications",579
"E02000356","Level 1 and entry level qualifications",235
"E02000356","Level 2 qualifications",405
"E02000356","Apprenticeship",99
"E02000356","Level 3 qualifications",575
"E02000356","Level 4 qualifications or above",3910
"E02000356","Other qualifications",104
"E02000357","Total: All usual residents aged 16 years and over",5384
"E02000357","No qualifications",1150
"E02000357","Level 1 and entry level qualifications",424
"E02000357","Level 2 qualifications",621
"E02000357","Apprenticeship",179
"E02000357","Level 3 qualifications",742
"E02000357","Level 4 qualifications or above",2099
"E02000357","Other qualifications",169
"E02000358","Total: All usual residents aged 16 years and over",9405
"E02000358","No qualifications",1350
"E02000358","Level 1 and entry level qualifications",485
"E02000358","Level 2 qualifications",623
"E02000358","Apprenticeship",245
"E02000358","Level 3 qualifications",995
"E02000358","Level 4 qualifications or above",5462
"E02000358","Other qualifications",245
"E02000359","Total: All usual residents aged 16 years and over",5388
"E02000359","No qualifications",812
"E02000359","Level 1 and entry level qualifications",294
"E02000359","Level 2 qualifications",411
"E02000359","Apprenticeship",133
"E02000359","Level 3 qualifications",632
"E02000359","Level 4 qualifications or above",2974
"E02000359","Other qualifications",132
"E02000360","Total: All usual residents aged 16 years and over",9217
"E02000360","No qualifications",1685
"E02000360","Level 1 and entry level qualifications",724
"E02000360","Level 2 qualifications",894
"E02000360","Apprenticeship",239
"E02000360","Level 3 qualifications",1202
"E02000360","Level 4 qualifications or above",4264
"E02000360","Other qualifications",209
"E02000361","Total: All usual residents aged 16 years and over",6871
"E02000361","No qualifications",948
"E02000361","Level 1 and entry level qualifications",374
"E02000361","Level 2 qualifications",448
"E02000361","Apprenticeship",111
"E02000361","Level 3 qualifications",765
"E02000361","Level 4 qualifications or above",4041
"E02000361","Other qualifications",184
"E02000362","Total: All usual residents aged 16 years and over",5815
"E02000362","No qualifications",1011
"E02000362","Level 1 and entry level qualifications",398
"E02000362","Level 2 qualifications",578
"E02000362","Apprenticeship",159
"E02000362","Level 3 qualifications",752
"E02000362","Level 4 qualifications or above",2806
"E02000362","Other qualifications",111
"E02000363","Total: All usual residents aged 16 years and over",9160
"E02000363","No qualifications",1855
"E02000363","Level 1 and entry level qualifications",723
"E02000363","Level 2 qualifications",915
"E02000363","Apprenticeship",263
"E02000363","Level 3 qualifications",1286
"E02000363","Level 4 qualifications or above",3864
"E02000363","Other qualifications",254
"E02000364","Total: All usual residents aged 16 years and over",7785
"E02000364","No qualifications",997
"E02000364","Level 1 and entry level qualifications",379
"E02000364","Level 2 qualifications",568
"E02000364","Apprenticeship",186
"E02000364","Level 3 qualifications",884
"E02000364","Level 4 qualifications or above",4619
"E02000364","Other qualifications",152
"E02000366","Total: All usual residents aged 16 years and over",6856
"E02000366","No qualifications",1255
"E02000366","Level 1 and entry level qualifications",437
"E02000366","Level 2 qualifications",673
"E02000366","Apprenticeship",165
"E02000366","Level 3 qualifications",884
"E02000366","Level 4 qualifications or above",3302
"E02000366","Other qualifications",140
"E02000367","Total: All usual residents aged 16 years and over",8899
"E02000367","No qualifications",998
"E02000367","Level 1 and entry level qualifications",403
"E02000367","Level 2 qualifications",602
"E02000367","Apprenticeship",165
"E02000367","Level 3 qualifications",1022
"E02000367","Level 4 qualifications or above",5521
"E02000367","Other qualifications",188
"E02000368","Total: All usual residents aged 16 years and over",8182
"E02000368","No qualifications",1625
"E02000368","Level 1 and entry level qualifications",569
"E02000368","Level 2 qualifications",702
"E02000368","Apprenticeship",166
"E02000368","Level 3 qualifications",991
"E02000368","Level 4 qualifications or above",3922
"E02000368","Other qualifications",207
"E02000369","Total: All usual residents aged 16 years and over",11252
"E02000369","No qualifications",1666
"E02000369","Level 1 and entry level qualifications",606
"E02000369","Level 2 qualifications",824
"E02000369","Apprenticeship",251
"E02000369","Level 3 qualifications",1207
"E02000369","Level 4 qualifications or above",6406
"E02000369","Other qualifications",292
"E02000370","Total: All usual residents aged 16 years and over",7455
"E02000370","No qualifications",1195
"E02000370","Level 1 and entry level qualifications",451
"E02000370","Level 2 qualifications",560
"E02000370","Apprenticeship",186
"E02000370","Level 3 qualifications",819
"E02000370","Level 4 qualifications or above",4060
"E02000370","Other qualifications",184
"E02000864","Total: All usual residents aged 16 years and over",9181
"E02000864","No qualifications",1631
"E02000864","Level 1 and entry level qualifications",608
"E02000864","Level 2 qualifications",801
"E02000864","Apprenticeship",191
"E02000864","Level 3 qualifications",1240
"E02000864","Level 4 qualifications or above",4456
"E02000864","Other qualifications",254
"E02000865","Total: All usual residents aged 16 years and over",6436
"E02000865","No qualifications",1363
"E02000865","Level 1 and entry level qualifications",493
"E02000865","Level 2 qualifications",656
"E02000865","Apprenticeship",139
"E02000865","Level 3 qualifications",800
"E02000865","Level 4 qualifications or above",2800
"E02000865","Other qualifications",185
"E02000866","Total: All usual residents aged 16 years and over",8789
"E02000866","No qualifications",1442
"E02000866","Level 1 and entry level qualifications",490
"E02000866","Level 2 qualifications",669
"E02000866","Apprenticeship",180
"E02000866","Level 3 qualifications",1002
"E02000866","Level 4 qualifications or above",4825
"E02000866","Other qualifications",181
"E02000867","Total: All usual residents aged 16 years and over",9647
"E02000867","No qualifications",1287
"E02000867","Level 1 and entry level qualifications",566
"E02000867","Level 2 qualifications",773
"E02000867","Apprenticeship",170
"E02000867","Level 3 qualifications",1145
"E02000867","Level 4 qualifications or above",5480
"E02000867","Other qualifications",226
"E02000868","Total: All usual residents aged 16 years and over",6104
"E02000868","No qualifications",949
"E02000868","Level 1 and entry level qualifications",385
"E02000868","Level 2 qualifications",489
"E02000868","Apprenticeship",114
"E02000868","Level 3 qualifications",848
"E02000868","Level 4 qualifications or above",3182
"E02000868","Other qualifications",137
"E02000869","Total: All usual residents aged 16 years and over",4886
"E02000869","No qualifications",820
"E02000869","Level 1 and entry level qualifications",336
"E02000869","Level 2 qualifications",392
"E02000869","Apprenticeship",121
"E02000869","Level 3 qualifications",588
"E02000869","Level 4 qualifications or above",2513
"E02000869","Other qualifications",116
"E02000870","Total: All usual residents aged 16 years and over",5159
"E02000870","No qualifications",941
"E02000870","Level 1 and entry level qualifications",450
"E02000870","Level 2 qualifications",471
"E02000870","Apprenticeship",130
"E02000870","Level 3 qualifications",651
"E02000870","Level 4 qualifications or above",2377
"E02000870","Other qualifications",139
"E02000871","Total: All usual residents aged 16 years and over",8961
"E02000871","No qualifications",1712
"E02000871","Level 1 and entry level qualifications",756
"E02000871","Level 2 qualifications",915
"E02000871","Apprenticeship",257
"E02000871","Level 3 qualifications",1247
"E02000871","Level 4 qualifications or above",3785
"E02000871","Other qualifications",289
"E02000872","Total: All usual residents aged 16 years and over",6812
"E02000872","No qualifications",1131
"E02000872","Level 1 and entry level qualifications",443
"E02000872","Level 2 qualifications",566
"E02000872","Apprenticeship",124
"E02000872","Level 3 qualifications",867
"E02000872","Level 4 qualifications or above",3511
"E02000872","Other qualifications",170
"E02000873","Total: All usual residents aged 16 years and over",7972
"E02000873","No qualifications",1197
"E02000873","Level 1 and entry level qualifications",517
"E02000873","Level 2 qualifications",623
"E02000873","Apprenticeship",165
"E02000873","Level 3 qualifications",1990
"E02000873","Level 4 qualifications or above",3223
"E02000873","Other qualifications",257
"E02000874","Total: All usual residents aged 16 years and over",5957
"E02000874","No qualifications",1168
"E02000874","Level 1 and entry level qualifications",520
"E02000874","Level 2 qualifications",545
"E02000874","Apprenticeship",149
"E02000874","Level 3 qualifications",819
"E02000874","Level 4 qualifications or above",2535
"E02000874","Other qualifications",221
"E02000875","Total: All usual residents aged 16 years and over",10701
"E02000875","No qualifications",1975
"E02000875","Level 1 and entry level qualifications",863
"E02000875","Level 2 qualifications",1118
"E02000875","Apprenticeship",221
"E02000875","Level 3 qualifications",1571
"E02000875","Level 4 qualifications or above",4674
"E02000875","Other qualifications",279
"E02000876","Total: All usual residents aged 16 years and over",6036
"E02000876","No qualifications",1068
"E02000876","Level 1 and entry level qualifications",468
"E02000876","Level 2 qualifications",487
"E02000876","Apprenticeship",129
"E02000876","Level 3 qualifications",758
"E02000876","Level 4 qualifications or above",2942
"E02000876","Other qualifications",184
"E02000877","Total: All usual residents aged 16 years and over",10928
"E02000877","No qualifications",1931
"E02000877","Level 1 and entry level qualifications",809
"E02000877","Level 2 qualifications",965
"E02000877","Apprenticeship",261
"E02000877","Level 3 qualifications",1497
"E02000877","Level 4 qualifications or above",5172
"E02000877","Other qualifications",293
"E02000878","Total: All usual residents aged 16 years and over",9009
"E02000878","No qualifications",1447
"E02000878","Level 1 and entry level qualifications",502
"E02000878","Level 2 qualifications",705
"E02000878","Apprenticeship",172
"E02000878","Level 3 qualifications",1104
"E02000878","Level 4 qualifications or above",4836
"E02000878","Other qualifications",243
"E02000879","Total: All usual residents aged 16 years and over",6668
"E02000879","No qualifications",1474
"E02000879","Level 1 and entry level qualifications",543
"E02000879","Level 2 qualifications",669
"E02000879","Apprenticeship",179
"E02000879","Level 3 qualifications",964
"E02000879","Level 4 qualifications or above",2621
"E02000879","Other qualifications",218
"E02000880","Total: All usual residents aged 16 years and over",5201
"E02000880","No qualifications",1009
"E02000880","Level 1 and entry level qualifications",403
"E02000880","Level 2 qualifications",445
"E02000880","Apprenticeship",112
"E02000880","Level 3 qualifications",858
"E02000880","Level 4 qualifications or above",2217
"E02000880","Other qualifications",157
"E02000881","Total: All usual residents aged 16 years and over",8333
"E02000881","No qualifications",1533
"E02000881","Level 1 and entry level qualifications",712
"E02000881","Level 2 qualifications",864
"E02000881","Apprenticeship",238
"E02000881","Level 3 qualifications",1131
"E02000881","Level 4 qualifications or above",3606
"E02000881","Other qualifications",249
"E02000882","Total: All usual residents aged 16 years and over",8884
"E02000882","No qualifications",1971
"E02000882","Level 1 and entry level qualifications",686
"E02000882","Level 2 qualifications",983
"E02000882","Apprenticeship",196
"E02000882","Level 3 qualifications",1272
"E02000882","Level 4 qualifications or above",3529
"E02000882","Other qualifications",247
"E02000883","Total: All usual residents aged 16 years and over",7068
"E02000883","No qualifications",1610
"E02000883","Level 1 and entry level qualifications",670
"E02000883","Level 2 qualifications",769
"E02000883","Apprenticeship",179
"E02000883","Level 3 qualifications",1073
"E02000883","Level 4 qualifications or above",2493
"E02000883","Other qualifications",274
"E02000884","Total: All usual residents aged 16 years and over",10817
"E02000884","No qualifications",1349
"E02000884","Level 1 and entry level qualifications",586
"E02000884","Level 2 qualifications",826
"E02000884","Apprenticeship",194
"E02000884","Level 3 qualifications",1475
"E02000884","Level 4 qualifications or above",6005
"E02000884","Other qualifications",382
"E02000885","Total: All usual residents aged 16 years and over",5508
"E02000885","No qualifications",1332
"E02000885","Level 1 and entry level qualifications",523
"E02000885","Level 2 qualifications",591
"E02000885","Apprenticeship",168
"E02000885","Level 3 qualifications",748
"E02000885","Level 4 qualifications or above",1956
"E02000885","Other qualifications",190
"E02000886","Total: All usual residents aged 16 years and over",7944
"E02000886","No qualifications",1176
"E02000886","Level 1 and entry level qualifications",520
"E02000886","Level 2 qualifications",623
"E02000886","Apprenticeship",163
"E02000886","Level 3 qualifications",962
"E02000886","Level 4 qualifications or above",4291
"E02000886","Other qualifications",209
"E02000887","Total: All usual residents aged 16 years and over",8344
"E02000887","No qualifications",1671
"E02000887","Level 1 and entry level qualifications",740
"E02000887","Level 2 qualifications",883
"E02000887","Apprenticeship",228
"E02000887","Level 3 qualifications",1099
"E02000887","Level 4 qualifications or above",3451
"E02000887","Other qualifications",272
"E02000888","Total: All usual residents aged 16 years and over",6927
"E02000888","No qualifications",1126
"E02000888","Level 1 and entry level qualifications",457
"E02000888","Level 2 qualifications",595
"E02000888","Apprenticeship",143
"E02000888","Level 3 qualifications",779
"E02000888","Level 4 qualifications or above",3630
"E02000888","Other qualifications",197
"E02000889","Total: All usual residents aged 16 years and over",7442
"E02000889","No qualifications",885
"E02000889","Level 1 and entry level qualifications",407
"E02000889","Level 2 qualifications",528
"E02000889","Apprenticeship",147
"E02000889","Level 3 qualifications",844
"E02000889","Level 4 qualifications or above",4438
"E02000889","Other qualifications",193
"E02000890","Total: All usual residents aged 16 years and over",5171
"E02000890","No qualifications",450
"E02000890","Level 1 and entry level qualifications",197
"E02000890","Level 2 qualifications",297
"E02000890","Apprenticeship",43
"E02000890","Level 3 qualifications",490
"E02000890","Level 4 qualifications or above",3595
"E02000890","Other qualifications",99
"E02000893","Total: All usual residents aged 16 years and over",5982
"E02000893","No qualifications",1039
"E02000893","Level 1 and entry level qualifications",403
"E02000893","Level 2 qualifications",512
"E02000893","Apprenticeship",143
"E02000893","Level 3 qualifications",823
"E02000893","Level 4 qualifications or above",2895
"E02000893","Other qualifications",167
"E02000894","Total: All usual residents aged 16 years and over",9017
"E02000894","No qualifications",1013
"E02000894","Level 1 and entry level qualifications",547
"E02000894","Level 2 qualifications",618
"E02000894","Apprenticeship",169
"E02000894","Level 3 qualifications",1094
"E02000894","Level 4 qualifications or above",5318
"E02000894","Other qualifications",258
"E02006853","Total: All usual residents aged 16 years and over",9115
"E02006853","No qualifications",1061
"E02006853","Level 1 and entry level qualifications",498
"E02006853","Level 2 qualifications",624
"E02006853","Apprenticeship",165
"E02006853","Level 3 qualifications",975
"E02006853","Level 4 qualifications or above",5556
"E02006853","Other qualifications",236
"E02006854","Total: All usual residents aged 16 years and over",6208
"E02006854","No qualifications",548
"E02006854","Level 1 and entry level qualifications",256
"E02006854","Level 2 qualifications",325
"E02006854","Apprenticeship",100
"E02006854","Level 3 qualifications",589
"E02006854","Level 4 qualifications or above",4206
"E02006854","Other qualifications",184
"E02006918","Total: All usual residents aged 16 years and over",6336
"E02006918","No qualifications",1183
"E02006918","Level 1 and entry level qualifications",445
"E02006918","Level 2 qualifications",647
"E02006918","Apprenticeship",159
"E02006918","Level 3 qualifications",794
"E02006918","Level 4 qualifications or above",2914
"E02006918","Other qualifications",194
"E02006921","Total: All usual residents aged 16 years and over",5550
"E02006921","No qualifications",1528
"E02006921","Level 1 and entry level qualifications",496
"E02006921","Level 2 qualifications",655
"E02006921","Apprenticeship",173
"E02006921","Level 3 qualifications",682
"E02006921","Level 4 qualifications or above",1813
"E02006921","Other qualifications",203
"E02007108","Total: All usual residents aged 16 years and over",5311
"E02007108","No qualifications",523
"E02007108","Level 1 and entry level qualifications",180
"E02007108","Level 2 qualifications",255
"E02007108","Apprenticeship",95
"E02007108","Level 3 qualifications",482
"E02007108","Level 4 qualifications or above",3661
"E02007108","Other qualifications",115
"E02007109","Total: All usual residents aged 16 years and over",6489
"E02007109","No qualifications",898
"E02007109","Level 1 and entry level qualifications",344
"E02007109","Level 2 qualifications",458
"E02007109","Apprenticeship",110
"E02007109","Level 3 qualifications",690
"E02007109","Level 4 qualifications or above",3837
"E02007109","Other qualifications",152
"E02007110","Total: All usual residents aged 16 years and over",6358
"E02007110","No qualifications",898
"E02007110","Level 1 and entry level qualifications",307
"E02007110","Level 2 qualifications",415
"E02007110","Apprenticeship",134
"E02007110","Level 3 qualifications",798
"E02007110","Level 4 qualifications or above",3585
"E02007110","Other qualifications",221
"E02007111","Total: All usual residents aged 16 years and over",5462
"E02007111","No qualifications",445
"E02007111","Level 1 and entry level qualifications",177
"E02007111","Level 2 qualifications",322
"E02007111","Apprenticeship",66
"E02007111","Level 3 qualifications",617
"E02007111","Level 4 qualifications or above",3703
"E02007111","Other qualifications",132
"E02007112","Total: All usual residents aged 16 years and over",5236
"E02007112","No qualifications",321
"E02007112","Level 1 and entry level qualifications",172
"E02007112","Level 2 qualifications",251
"E02007112","Apprenticeship",101
"E02007112","Level 3 qualifications",567
"E02007112","Level 4 qualifications or above",3689
"E02007112","Other qualifications",135
"E02007113","Total: All usual residents aged 16 years and over",6107
"E02007113","No qualifications",615
"E02007113","Level 1 and entry level qualifications",291
"E02007113","Level 2 qualifications",431
"E02007113","Apprenticeship",109
"E02007113","Level 3 qualifications",665
"E02007113","Level 4 qualifications or above",3821
"E02007113","Other qualifications",175
"E02007114","Total: All usual residents aged 16 years and over",6346
"E02007114","No qualifications",754
"E02007114","Level 1 and entry level qualifications",343
"E02007114","Level 2 qualifications",428
"E02007114","Apprenticeship",140
"E02007114","Level 3 qualifications",808
"E02007114","Level 4 qualifications or above",3675
"E02007114","Other qualifications",198
